NO_OF_FRAMES	1250
NO_OF_CAMERAS	7
NO_OF_MARKERS	2
FREQUENCY	250
NO_OF_ANALOG	0
ANALOG_FREQUENCY	0
DESCRIPTION	--
TIME_STAMP	2012-02-07, 11:23:15	9856.86093359
DATA_INCLUDED	3D
MARKER_NAMES	pointer_handle	pointer_tip
-20.920	117.777	206.305	-14.447	111.274	3.977
-21.003	117.702	206.244	-14.478	111.363	4.085
-20.955	117.739	206.315	-14.466	111.345	4.090
-20.914	117.735	206.223	-14.475	111.424	4.044
-20.903	117.716	206.253	-14.443	111.389	4.064
-20.905	117.708	206.189	-14.476	111.380	4.100
-20.863	117.870	206.244	-14.471	111.424	4.024
-20.872	117.760	206.243	-14.453	111.419	4.077
-20.796	117.781	206.269	-14.458	111.428	4.093
-20.828	117.870	206.248	-14.533	111.429	4.085
-20.864	117.789	206.199	-14.455	111.467	4.022
-20.831	117.803	206.156	-14.512	111.449	4.049
-20.787	117.750	206.183	-14.432	111.449	3.975
-20.783	117.617	206.094	-14.598	111.499	3.977
-20.731	117.736	206.055	-14.565	111.495	4.043
-20.813	117.610	206.100	-14.572	111.553	4.040
-20.726	117.696	206.107	-14.542	111.541	4.028
-20.800	117.635	206.100	-14.533	111.531	3.904
-20.769	117.682	206.050	-14.604	111.464	4.014
-20.822	117.637	206.131	-14.548	111.386	3.943
-20.806	117.609	206.087	-14.595	111.532	4.016
-20.792	117.674	206.122	-14.584	111.479	4.011
-20.761	117.709	206.075	-14.603	111.453	4.033
-20.825	117.604	206.065	-14.606	111.511	3.955
-20.765	117.635	206.136	-14.583	111.447	3.950
-20.801	117.687	206.100	-14.602	111.530	3.965
-20.815	117.611	206.073	-14.607	111.494	4.017
-20.817	117.657	206.088	-14.624	111.491	3.963
-20.803	117.744	206.137	-14.539	111.412	3.882
-20.822	117.656	206.131	-14.600	111.532	4.042
-20.812	117.725	206.089	-14.562	111.517	3.937
-20.809	117.726	206.120	-14.575	111.528	3.992
-20.886	117.691	206.103	-14.590	111.511	3.991
-20.878	117.677	206.142	-14.572	111.501	4.003
-20.881	117.562	206.015	-14.626	111.510	3.922
-20.946	117.710	206.136	-14.671	111.571	4.014
-20.921	117.565	206.164	-14.586	111.561	3.930
-20.892	117.629	206.105	-14.609	111.531	4.073
-20.949	117.602	206.121	-14.669	111.509	4.021
-21.015	117.623	206.113	-14.689	111.513	3.970
-20.895	117.625	206.026	-14.587	111.575	4.024
-20.941	117.604	206.112	-14.593	111.516	3.991
-20.995	117.530	206.086	-14.634	111.585	3.951
-20.990	117.522	206.093	-14.710	111.527	3.992
-21.110	117.493	206.062	-14.611	111.527	3.996
-21.058	117.453	206.095	-14.639	111.482	3.991
-21.111	117.450	206.105	-14.585	111.514	3.876
-21.094	117.455	206.012	-14.614	111.568	4.011
-21.154	117.427	206.035	-14.648	111.430	3.938
-21.196	117.369	206.018	-14.634	111.564	3.931
-21.224	117.324	206.078	-14.569	111.485	3.961
-21.229	117.327	206.082	-14.584	111.507	3.953
-21.245	117.306	206.045	-14.686	111.478	4.002
-21.232	117.324	206.041	-14.627	111.446	3.969
-21.252	117.285	206.030	-14.644	111.398	3.882
-21.256	117.253	205.978	-14.664	111.479	3.899
-21.283	117.268	205.992	-14.627	111.473	3.898
-21.284	117.145	206.002	-14.667	111.503	3.905
-21.350	117.124	205.970	-14.698	111.501	3.978
-21.348	117.230	206.060	-14.650	111.468	3.910
-21.376	117.130	206.000	-14.697	111.459	3.934
-21.422	117.147	205.987	-14.648	111.505	3.965
-21.350	117.161	206.044	-14.649	111.529	3.930
-21.441	117.160	206.076	-14.685	111.518	3.969
-21.380	117.116	206.094	-14.634	111.387	3.909
-21.404	117.078	206.030	-14.645	111.446	3.885
-21.429	117.135	206.012	-14.701	111.547	3.994
-21.437	117.003	205.955	-14.687	111.441	3.929
-21.468	116.964	205.999	-14.650	111.578	3.965
-21.391	116.946	206.019	-14.719	111.468	3.976
-21.420	117.016	205.998	-14.660	111.528	4.054
-21.436	116.957	205.952	-14.653	111.497	3.910
-21.533	117.027	205.986	-14.727	111.540	3.999
-21.533	116.962	205.998	-14.689	111.461	3.841
-21.480	116.925	205.995	-14.710	111.540	3.966
-21.452	116.936	205.951	-14.706	111.526	3.949
-21.511	116.923	205.971	-14.648	111.457	3.947
-21.519	116.979	205.971	-14.689	111.427	3.950
-21.534	116.941	206.005	-14.626	111.354	3.884
-21.561	116.979	205.976	-14.705	111.356	3.880
-21.535	117.006	205.993	-14.666	111.491	3.994
-21.537	116.912	206.012	-14.709	111.521	3.899
-21.598	116.955	205.993	-14.769	111.491	3.909
-21.588	116.923	205.962	-14.780	111.458	3.897
-21.588	116.946	206.002	-14.782	111.400	3.912
-21.617	117.002	206.006	-14.753	111.523	3.910
-21.619	116.984	206.072	-14.749	111.451	3.981
-21.566	117.005	205.980	-14.631	111.479	3.928
-21.632	117.066	206.007	-14.672	111.552	3.970
-21.672	116.984	206.035	-14.734	111.519	3.972
-21.598	117.046	206.059	-14.679	111.451	3.942
-21.604	116.961	205.993	-14.708	111.426	3.909
-21.655	117.149	206.083	-14.768	111.473	3.880
-21.652	116.996	206.012	-14.723	111.481	3.926
-21.635	117.145	206.031	-14.684	111.489	3.888
-21.705	117.150	206.044	-14.691	111.463	3.953
-21.669	117.043	205.991	-14.672	111.431	3.915
-21.636	117.175	206.036	-14.708	111.434	3.919
-21.667	117.196	206.072	-14.737	111.607	3.942
-21.642	117.243	206.071	-14.781	111.451	3.906
-21.632	117.234	206.043	-14.746	111.548	3.911
-21.637	117.252	206.032	-14.735	111.559	3.913
-21.682	117.233	206.005	-14.759	111.547	3.982
-21.686	117.195	205.981	-14.652	111.503	3.933
-21.653	117.328	206.120	-14.693	111.506	3.944
-21.625	117.297	206.045	-14.712	111.532	3.975
-21.723	117.251	206.039	-14.720	111.578	3.942
-21.669	117.253	206.125	-14.733	111.456	3.911
-21.694	117.291	206.122	-14.714	111.488	3.864
-21.643	117.275	206.013	-14.735	111.490	3.918
-21.551	117.276	206.012	-14.687	111.583	3.908
-21.666	117.319	206.018	-14.652	111.615	3.900
-21.633	117.294	206.026	-14.750	111.436	3.857
-21.595	117.328	206.070	-14.698	111.554	3.926
-21.632	117.425	206.103	-14.699	111.555	3.872
-21.571	117.375	206.046	-14.743	111.451	3.893
-21.607	117.340	206.079	-14.666	111.483	3.871
-21.551	117.382	206.141	-14.738	111.489	3.871
-21.557	117.420	206.054	-14.637	111.477	3.826
-21.584	117.485	206.104	-14.793	111.510	3.860
-21.604	117.450	206.109	-14.715	111.580	3.860
-21.536	117.393	206.058	-14.663	111.617	3.885
-21.509	117.471	206.090	-14.739	111.500	3.930
-21.602	117.455	206.121	-14.673	111.514	3.890
-21.550	117.491	206.055	-14.687	111.558	3.875
-21.576	117.431	206.001	-14.761	111.523	3.892
-21.568	117.639	206.113	-14.735	111.542	3.881
-21.585	117.538	206.099	-14.690	111.518	3.850
-21.575	117.617	206.125	-14.738	111.609	3.961
-21.583	117.636	206.094	-14.729	111.517	3.920
-21.587	117.553	206.079	-14.712	111.519	3.860
-21.609	117.723	206.123	-14.681	111.499	3.791
-21.556	117.735	206.142	-14.684	111.555	3.856
-21.620	117.632	206.087	-14.714	111.643	3.955
-21.576	117.694	206.135	-14.725	111.527	3.857
-21.572	117.720	206.129	-14.766	111.645	3.992
-21.615	117.676	206.113	-14.683	111.569	3.941
-21.553	117.807	206.125	-14.664	111.509	3.858
-21.570	117.702	206.072	-14.694	111.663	3.943
-21.540	117.806	206.099	-14.696	111.677	3.936
-21.553	117.878	206.212	-14.689	111.649	3.924
-21.600	117.843	206.209	-14.712	111.598	3.941
-21.547	117.908	206.114	-14.696	111.529	3.836
-21.559	117.913	206.159	-14.682	111.671	3.982
-21.525	117.996	206.123	-14.731	111.598	3.897
-21.519	118.055	206.196	-14.673	111.626	3.962
-21.545	118.036	206.107	-14.710	111.660	3.899
-21.521	118.123	206.151	-14.663	111.673	3.882
-21.554	118.173	206.198	-14.748	111.685	3.971
-21.452	118.134	206.150	-14.728	111.629	3.871
-21.503	118.198	206.162	-14.646	111.634	3.868
-21.505	118.331	206.216	-14.725	111.674	3.913
-21.457	118.260	206.212	-14.746	111.693	3.918
-21.459	118.354	206.193	-14.729	111.629	3.912
-21.490	118.145	206.189	-14.700	111.648	3.920
-21.510	118.378	206.274	-14.722	111.527	3.839
-21.454	118.429	206.257	-14.717	111.615	3.947
-21.482	118.361	206.177	-14.679	111.651	3.932
-21.441	118.366	206.197	-14.759	111.665	3.891
-21.372	118.451	206.221	-14.734	111.682	3.945
-21.429	118.434	206.194	-14.694	111.742	3.980
-21.376	118.550	206.229	-14.659	111.576	3.850
-21.391	118.514	206.238	-14.677	111.641	3.846
-21.336	118.503	206.228	-14.697	111.694	3.939
-21.355	118.462	206.267	-14.680	111.633	3.909
-21.233	118.428	206.193	-14.688	111.733	3.895
-21.297	118.584	206.274	-14.719	111.612	3.936
-21.267	118.579	206.260	-14.718	111.653	3.885
-21.220	118.580	206.234	-14.656	111.708	3.880
-21.233	118.622	206.290	-14.635	111.609	3.878
-20.948	118.713	206.263	-14.671	111.761	3.991
-21.108	118.732	206.306	-14.659	111.659	3.891
-21.109	118.728	206.306	-14.662	111.784	3.932
-21.098	118.807	206.300	-14.667	111.764	3.900
-21.053	118.835	206.337	-14.670	111.638	3.902
-20.990	118.773	206.311	-14.646	111.710	3.947
-20.966	118.830	206.306	-14.711	111.639	3.926
-20.837	118.855	206.292	-14.655	111.844	3.979
-20.850	118.867	206.325	-14.631	111.660	3.900
-20.850	118.915	206.333	-14.726	111.811	3.928
-20.784	118.904	206.269	-14.614	111.665	3.830
-20.792	118.926	206.301	-14.628	111.711	3.923
-20.544	119.007	206.339	-14.673	111.791	3.967
-20.542	119.026	206.335	-14.700	111.719	3.896
-20.709	118.962	206.338	-14.617	111.743	3.948
-20.465	119.062	206.314	-14.618	111.764	3.975
-20.657	118.957	206.381	-14.689	111.890	3.981
-20.582	119.082	206.373	-14.599	111.704	3.853
-20.491	119.139	206.339	-14.579	111.783	3.905
-20.497	119.120	206.410	-14.645	111.688	3.925
-20.321	119.200	206.354	-14.581	111.764	3.855
-20.434	119.106	206.388	-14.654	111.749	3.881
-20.289	119.294	206.368	-14.600	111.839	3.938
-20.263	119.225	206.354	-14.520	111.703	3.841
-20.203	119.246	206.404	-14.615	111.848	3.964
-20.287	119.262	206.359	-14.553	111.802	3.876
-20.139	119.316	206.380	-14.559	111.721	3.875
-20.124	119.403	206.383	-14.613	111.811	3.920
-20.222	119.369	206.406	-14.537	111.713	3.892
-20.105	119.505	206.351	-14.549	111.791	3.902
-20.039	119.594	206.388	-14.596	111.755	3.951
-19.991	119.549	206.387	-14.649	111.813	3.985
-19.918	119.645	206.420	-14.557	111.827	3.967
-19.907	119.709	206.408	-14.507	111.769	3.855
-19.880	119.646	206.396	-14.577	111.889	3.950
-19.832	119.765	206.297	-14.549	111.849	3.970
-19.729	119.771	206.454	-14.531	111.797	3.856
-19.767	119.779	206.370	-14.461	111.774	3.828
-19.791	119.685	206.355	-14.552	111.874	3.946
-19.742	119.757	206.372	-14.577	111.744	3.891
-19.685	119.820	206.320	-14.566	111.757	3.950
-19.641	119.915	206.400	-14.480	111.867	3.968
-19.737	119.810	206.356	-14.512	111.868	3.951
-19.573	119.812	206.370	-14.465	111.885	3.941
-19.583	119.868	206.376	-14.534	111.793	3.884
-19.534	119.907	206.314	-14.484	111.814	3.874
-19.538	119.917	206.369	-14.494	111.906	3.917
-19.578	119.922	206.419	-14.386	111.832	3.869
-19.494	120.016	206.385	-14.511	111.778	3.917
-19.596	119.970	206.406	-14.480	111.853	3.879
-19.521	120.079	206.409	-14.486	111.926	3.893
-19.356	120.028	206.303	-14.493	111.862	3.881
-19.407	120.089	206.281	-14.479	111.915	3.950
-19.451	120.077	206.435	-14.482	111.901	4.022
-19.410	120.126	206.409	-14.511	111.723	3.840
-19.291	120.132	206.263	-14.474	111.852	3.957
-19.391	120.048	206.376	-14.517	111.815	3.974
-19.268	120.066	206.303	-14.482	111.758	3.923
-19.253	120.118	206.231	-14.463	111.815	3.878
-19.307	119.963	206.380	-14.495	111.824	3.905
-19.227	120.108	206.351	-14.467	111.812	3.892
-19.285	120.003	206.349	-14.494	111.830	3.933
-19.088	119.960	206.309	-14.443	111.908	3.890
-19.174	119.968	206.320	-14.457	111.804	3.860
-19.305	119.841	206.376	-14.396	111.827	3.887
-19.343	119.792	206.359	-14.494	111.829	4.006
-19.172	119.917	206.387	-14.446	111.758	3.886
-19.234	119.755	206.370	-14.504	111.848	3.975
-19.191	119.854	206.306	-14.519	111.776	3.921
-19.231	119.762	206.386	-14.438	111.820	3.901
-19.204	119.782	206.435	-14.467	111.799	3.898
-19.229	119.652	206.348	-14.489	111.752	3.902
-19.202	119.736	206.405	-14.497	111.798	3.863
-19.224	119.673	206.293	-14.461	111.775	3.887
-19.199	119.541	206.366	-14.391	111.824	3.857
-19.141	119.608	206.395	-14.494	111.815	3.930
-19.152	119.616	206.339	-14.447	111.711	3.898
-19.170	119.537	206.347	-14.500	111.739	3.946
-19.128	119.498	206.346	-14.448	111.775	3.976
-19.169	119.491	206.335	-14.444	111.781	3.900
-19.083	119.412	206.351	-14.450	111.690	3.827
-19.088	119.356	206.352	-14.377	111.754	3.901
-19.126	119.295	206.364	-14.405	111.726	3.843
-19.028	119.278	206.326	-14.420	111.781	3.903
-19.061	119.265	206.312	-14.388	111.731	3.917
-18.961	119.323	206.376	-14.396	111.753	3.935
-18.927	119.166	206.330	-14.396	111.718	3.878
-18.883	119.204	206.318	-14.444	111.739	3.907
-18.966	119.150	206.345	-14.485	111.648	3.837
-18.900	119.114	206.355	-14.391	111.676	3.916
-18.859	119.083	206.343	-14.457	111.733	3.915
-18.826	119.065	206.306	-14.413	111.680	3.923
-18.797	118.973	206.266	-14.356	111.738	3.985
-18.790	118.905	206.275	-14.397	111.721	3.956
-18.733	118.973	206.314	-14.365	111.611	3.858
-18.771	118.964	206.346	-14.343	111.662	3.867
-18.695	118.819	206.285	-14.357	111.688	3.889
-18.701	118.802	206.243	-14.397	111.672	3.892
-18.674	118.829	206.219	-14.331	111.622	3.881
-18.625	118.804	206.284	-14.376	111.582	3.892
-18.604	118.833	206.244	-14.359	111.650	3.922
-18.624	118.788	206.280	-14.353	111.615	3.837
-18.526	118.873	206.215	-14.364	111.670	3.888
-18.566	118.793	206.224	-14.417	111.556	3.913
-18.538	118.851	206.285	-14.323	111.629	3.925
-18.513	118.788	206.226	-14.266	111.570	3.843
-18.487	118.828	206.245	-14.312	111.511	3.852
-18.501	118.826	206.236	-14.354	111.674	3.876
-18.449	118.747	206.217	-14.320	111.532	3.790
-18.465	118.809	206.283	-14.228	111.671	3.770
-18.504	118.829	206.302	-14.323	111.590	3.916
-18.468	118.829	206.274	-14.278	111.501	3.821
-18.374	118.787	206.226	-14.326	111.612	3.857
-18.386	118.900	206.269	-14.317	111.656	3.842
-18.356	118.907	206.301	-14.307	111.627	3.886
-18.417	118.840	206.242	-14.255	111.636	3.799
-18.284	118.864	206.246	-14.236	111.599	3.841
-18.297	118.870	206.201	-14.317	111.636	3.947
-18.329	118.960	206.281	-14.324	111.613	3.874
-18.298	118.971	206.268	-14.280	111.637	3.879
-18.322	118.902	206.256	-14.329	111.636	3.823
-18.265	118.956	206.283	-14.256	111.635	3.849
-18.245	118.867	206.262	-14.264	111.676	3.843
-18.216	118.942	206.208	-14.276	111.645	3.842
-18.205	118.984	206.305	-14.371	111.597	3.873
-18.166	119.033	206.305	-14.222	111.611	3.798
-18.179	119.117	206.272	-14.247	111.614	3.867
-18.094	118.946	206.200	-14.277	111.621	3.854
-18.155	119.057	206.310	-14.281	111.672	3.925
-18.144	119.027	206.234	-14.322	111.710	3.931
-18.085	119.149	206.290	-14.292	111.561	3.795
-18.134	119.068	206.276	-14.295	111.601	3.878
-18.129	119.038	206.294	-14.277	111.609	3.865
-18.091	119.037	206.243	-14.323	111.567	3.873
-18.075	119.095	206.255	-14.273	111.608	3.887
-18.074	119.028	206.249	-14.309	111.589	3.819
-18.066	119.142	206.342	-14.247	111.640	3.863
-18.061	119.114	206.234	-14.271	111.672	3.901
-18.012	119.103	206.243	-14.231	111.574	3.847
-18.034	119.016	206.294	-14.262	111.682	3.891
-18.000	119.113	206.299	-14.305	111.665	3.900
-18.022	119.153	206.315	-14.256	111.591	3.847
-17.964	119.055	206.280	-14.246	111.655	3.916
-18.002	119.075	206.299	-14.279	111.652	3.845
-17.888	119.021	206.232	-14.278	111.643	3.893
-17.971	119.033	206.225	-14.300	111.578	3.803
-17.923	119.063	206.272	-14.321	111.506	3.817
-17.874	119.093	206.285	-14.245	111.556	3.831
-17.942	119.122	206.354	-14.258	111.680	3.896
-17.837	119.064	206.291	-14.240	111.576	3.808
-17.784	119.035	206.218	-14.248	111.591	3.820
-17.814	119.030	206.241	-14.259	111.597	3.886
-17.777	119.010	206.263	-14.206	111.531	3.839
-17.766	119.113	206.274	-14.262	111.661	3.902
-17.708	119.121	206.259	-14.253	111.594	3.846
-17.754	119.041	206.249	-14.222	111.591	3.875
-17.725	119.088	206.258	-14.281	111.634	3.849
-17.683	119.130	206.289	-14.215	111.622	3.883
-17.650	119.021	206.265	-14.224	111.626	3.883
-17.644	119.156	206.270	-14.116	111.654	3.848
-17.616	119.142	206.270	-14.264	111.720	3.850
-17.596	119.146	206.305	-14.183	111.580	3.846
-17.584	119.321	206.455	-14.214	111.617	3.872
-17.572	119.135	206.250	-14.218	111.481	3.865
-17.602	119.154	206.280	-14.206	111.608	3.802
-17.504	119.219	206.336	-14.182	111.609	3.881
-17.551	119.235	206.302	-14.272	111.732	3.912
-17.553	119.140	206.318	-14.210	111.634	3.910
-17.569	119.293	206.349	-14.216	111.566	3.884
-17.444	119.223	206.269	-14.248	111.567	3.816
-17.496	119.239	206.277	-14.190	111.545	3.811
-17.509	119.251	206.256	-14.222	111.668	3.860
-17.484	119.300	206.288	-14.205	111.599	3.873
-17.470	119.291	206.289	-14.236	111.594	3.861
-17.417	119.417	206.378	-14.163	111.647	3.876
-17.442	119.283	206.285	-14.182	111.688	3.827
-17.469	119.431	206.346	-14.190	111.573	3.862
-17.460	119.343	206.254	-14.193	111.617	3.912
-17.384	119.443	206.339	-14.270	111.722	3.894
-17.389	119.434	206.280	-14.192	111.525	3.826
-17.428	119.451	206.327	-14.189	111.697	3.963
-17.423	119.508	206.332	-14.194	111.665	3.873
-17.392	119.569	206.375	-14.197	111.637	3.908
-17.406	119.572	206.310	-14.173	111.555	3.828
-17.355	119.528	206.317	-14.160	111.587	3.808
-17.368	119.601	206.376	-14.203	111.671	3.880
-17.302	119.602	206.297	-14.166	111.598	3.876
-17.310	119.691	206.282	-14.224	111.730	3.879
-17.248	119.671	206.271	-14.171	111.721	3.883
-17.286	119.732	206.342	-14.243	111.648	3.826
-17.316	119.817	206.387	-14.162	111.793	3.930
-17.240	119.749	206.300	-14.245	111.670	3.940
-17.283	119.721	206.360	-14.148	111.644	3.882
-17.227	119.717	206.320	-14.203	111.695	3.921
-17.225	119.839	206.285	-14.182	111.718	3.826
-17.136	119.723	206.312	-14.145	111.761	3.900
-17.189	119.824	206.317	-14.191	111.743	3.870
-17.192	119.839	206.334	-14.216	111.694	3.884
-17.189	119.775	206.367	-14.180	111.655	3.921
-17.269	119.815	206.454	-14.211	111.742	3.887
-17.239	119.832	206.334	-14.139	111.647	3.872
-17.225	119.802	206.383	-14.217	111.749	3.909
-17.227	119.946	206.366	-14.122	111.618	3.789
-17.203	119.748	206.302	-14.082	111.685	3.923
-17.249	119.814	206.342	-14.202	111.704	3.928
-17.211	119.830	206.323	-14.168	111.676	3.858
-17.233	119.829	206.420	-14.204	111.737	3.905
-17.241	119.835	206.267	-14.253	111.654	3.902
-17.193	119.783	206.250	-14.193	111.694	3.868
-17.291	119.761	206.367	-14.162	111.656	3.822
-17.255	119.884	206.339	-14.251	111.731	3.925
-17.292	119.805	206.343	-14.172	111.725	3.943
-17.311	119.781	206.348	-14.229	111.762	3.963
-17.308	119.802	206.380	-14.223	111.711	3.891
-17.353	119.768	206.340	-14.170	111.629	3.890
-17.374	119.775	206.366	-14.190	111.679	3.850
-17.390	119.770	206.335	-14.203	111.685	3.905
-17.376	119.728	206.359	-14.165	111.614	3.815
-17.363	119.721	206.318	-14.163	111.745	3.898
-17.426	119.655	206.314	-14.209	111.662	3.870
-17.464	119.662	206.349	-14.186	111.616	3.878
-17.449	119.618	206.358	-14.157	111.721	3.887
-17.422	119.516	206.282	-14.188	111.672	3.913
-17.498	119.560	206.302	-14.200	111.550	3.855
-17.534	119.513	206.317	-14.226	111.667	3.955
-17.534	119.588	206.329	-14.208	111.605	3.891
-17.490	119.403	206.344	-14.158	111.547	3.813
-17.530	119.441	206.318	-14.169	111.544	3.797
-17.565	119.408	206.359	-14.228	111.560	3.873
-17.579	119.366	206.411	-14.229	111.717	3.900
-17.553	119.358	206.364	-14.209	111.635	3.898
-17.569	119.228	206.302	-14.177	111.603	3.844
-17.615	119.203	206.307	-14.236	111.601	3.872
-17.678	119.130	206.317	-14.194	111.538	3.884
-17.659	119.152	206.313	-14.192	111.545	3.928
-17.728	119.112	206.369	-14.220	111.618	3.856
-17.641	119.075	206.256	-14.241	111.533	3.904
-17.713	118.969	206.308	-14.173	111.564	3.889
-17.744	118.987	206.318	-14.226	111.546	3.887
-17.729	118.900	206.234	-14.233	111.577	3.882
-17.731	118.859	206.330	-14.170	111.494	3.844
-17.799	118.794	206.276	-14.212	111.539	3.923
-17.874	118.735	206.294	-14.232	111.524	3.952
-17.734	118.775	206.301	-14.209	111.502	3.845
-17.763	118.743	206.340	-14.218	111.500	3.896
-17.795	118.604	206.236	-14.240	111.545	3.847
-17.857	118.583	206.206	-14.174	111.554	3.873
-17.884	118.546	206.232	-14.246	111.499	3.901
-17.845	118.462	206.189	-14.208	111.474	3.853
-17.874	118.418	206.228	-14.209	111.515	3.899
-17.900	118.448	206.260	-14.201	111.471	3.897
-17.930	118.294	206.277	-14.233	111.447	3.806
-17.969	118.324	206.199	-14.231	111.544	3.830
-17.901	118.287	206.190	-14.199	111.437	3.842
-17.914	118.229	206.251	-14.193	111.437	3.800
-17.908	118.169	206.248	-14.258	111.416	3.871
-17.927	118.170	206.227	-14.256	111.357	3.825
-17.945	118.156	206.241	-14.258	111.348	3.799
-17.992	118.193	206.220	-14.314	111.442	3.881
-17.958	118.086	206.210	-14.292	111.415	3.812
-17.984	118.023	206.202	-14.274	111.462	3.810
-17.966	117.965	206.233	-14.265	111.457	3.918
-17.954	118.068	206.143	-14.245	111.445	3.909
-18.022	118.110	206.251	-14.251	111.408	3.867
-17.974	118.044	206.171	-14.205	111.407	3.785
-17.880	118.054	206.177	-14.241	111.463	3.823
-17.971	118.032	206.140	-14.214	111.457	3.854
-17.968	117.990	206.205	-14.175	111.488	3.887
-17.955	117.947	206.108	-14.165	111.423	3.900
-17.982	117.957	206.132	-14.209	111.418	3.794
-17.958	117.998	206.205	-14.204	111.426	3.834
-17.930	118.026	206.217	-14.254	111.429	3.894
-17.962	118.023	206.145	-14.267	111.428	3.841
-17.984	118.025	206.173	-14.201	111.450	3.923
-17.963	118.005	206.174	-14.257	111.411	3.839
-17.917	118.014	206.157	-14.276	111.496	3.879
-17.913	118.058	206.138	-14.236	111.426	3.842
-17.951	118.008	206.191	-14.187	111.465	3.766
-17.999	118.109	206.229	-14.309	111.467	3.833
-17.994	118.129	206.230	-14.218	111.448	3.875
-17.940	118.182	206.227	-14.218	111.476	3.967
-18.006	118.215	206.239	-14.194	111.397	3.931
-17.982	118.253	206.218	-14.227	111.462	3.892
-18.032	118.270	206.259	-14.163	111.477	3.913
-17.981	118.369	206.273	-14.267	111.467	3.933
-18.020	118.362	206.208	-14.236	111.470	3.833
-18.079	118.427	206.287	-14.321	111.441	3.925
-18.008	118.404	206.267	-14.249	111.517	3.907
-18.003	118.460	206.288	-14.263	111.484	3.857
-18.061	118.518	206.252	-14.264	111.434	3.846
-18.039	118.536	206.266	-14.210	111.551	3.890
-18.047	118.599	206.254	-14.218	111.487	3.832
-18.147	118.586	206.355	-14.199	111.570	3.843
-18.020	118.698	206.257	-14.265	111.468	3.940
-18.115	118.704	206.250	-14.277	111.575	3.947
-18.159	118.711	206.260	-14.304	111.574	3.866
-18.087	118.763	206.282	-14.251	111.507	3.932
-18.069	118.817	206.348	-14.239	111.552	3.878
-18.107	118.787	206.308	-14.253	111.585	3.921
-18.092	118.831	206.327	-14.338	111.575	3.853
-18.136	118.839	206.317	-14.217	111.572	3.891
-18.147	118.866	206.312	-14.295	111.614	3.885
-18.142	118.841	206.304	-14.277	111.501	3.827
-18.155	118.940	206.341	-14.296	111.597	3.819
-18.122	118.936	206.326	-14.254	111.603	3.897
-18.128	118.893	206.264	-14.270	111.564	3.843
-18.142	118.978	206.344	-14.263	111.593	3.841
-18.144	118.945	206.293	-14.267	111.552	3.883
-18.201	118.950	206.338	-14.224	111.494	3.901
-18.201	118.976	206.352	-14.283	111.599	3.911
-18.252	118.955	206.367	-14.264	111.536	3.847
-18.272	118.928	206.317	-14.286	111.628	3.821
-18.261	118.985	206.359	-14.269	111.612	3.935
-18.274	118.953	206.344	-14.266	111.648	3.937
-18.293	118.977	206.374	-14.300	111.597	3.846
-18.270	119.008	206.384	-14.242	111.605	3.898
-18.288	119.032	206.383	-14.311	111.689	3.952
-18.304	118.967	206.417	-14.298	111.565	3.883
-18.371	118.967	206.398	-14.320	111.561	3.918
-18.354	118.884	206.345	-14.338	111.616	3.846
-18.387	118.936	206.382	-14.275	111.656	3.889
-18.434	118.916	206.317	-14.292	111.595	3.870
-18.405	118.815	206.335	-14.302	111.539	3.885
-18.479	118.834	206.366	-14.311	111.577	3.826
-18.454	118.756	206.356	-14.255	111.597	3.861
-18.472	118.790	206.323	-14.299	111.548	3.890
-18.532	118.799	206.339	-14.328	111.560	3.845
-18.515	118.754	206.396	-14.295	111.511	3.858
-18.566	118.762	206.362	-14.334	111.569	3.847
-18.561	118.658	206.373	-14.269	111.588	3.880
-18.581	118.657	206.342	-14.350	111.558	3.853
-18.651	118.580	206.316	-14.320	111.542	3.775
-18.698	118.508	206.339	-14.340	111.542	3.855
-18.707	118.559	206.403	-14.289	111.505	3.917
-18.730	118.546	206.335	-14.412	111.537	3.930
-18.747	118.470	206.269	-14.355	111.564	3.931
-18.854	118.449	206.318	-14.369	111.460	3.891
-18.793	118.416	206.329	-14.382	111.562	3.908
-18.843	118.387	206.404	-14.347	111.523	3.912
-18.775	118.371	206.280	-14.346	111.425	3.859
-18.912	118.306	206.272	-14.412	111.549	3.841
-18.833	118.272	206.309	-14.438	111.547	3.973
-18.890	118.248	206.308	-14.298	111.485	3.865
-18.838	118.204	206.282	-14.388	111.531	3.866
-18.914	118.173	206.252	-14.343	111.512	3.883
-18.973	118.167	206.310	-14.337	111.441	3.917
-18.959	118.055	206.295	-14.314	111.513	3.941
-18.960	118.004	206.296	-14.323	111.417	3.832
-18.886	117.980	206.254	-14.296	111.481	3.816
-18.944	117.936	206.220	-14.298	111.487	3.924
-18.866	118.002	206.287	-14.384	111.452	3.826
-18.905	117.981	206.310	-14.316	111.494	3.938
-18.916	117.963	206.251	-14.361	111.437	3.886
-18.889	117.894	206.257	-14.313	111.398	3.859
-18.935	117.957	206.350	-14.392	111.405	3.886
-18.882	117.997	206.255	-14.358	111.443	3.924
-18.916	117.906	206.283	-14.346	111.425	3.910
-18.913	117.866	206.288	-14.396	111.454	3.814
-18.909	117.852	206.304	-14.323	111.514	3.917
-18.836	117.880	206.296	-14.357	111.502	3.831
-18.875	117.929	206.217	-14.368	111.410	3.864
-18.880	117.873	206.310	-14.439	111.489	3.891
-18.881	117.934	206.311	-14.402	111.510	3.894
-18.838	117.921	206.262	-14.368	111.520	3.868
-18.801	117.914	206.215	-14.432	111.487	3.905
-18.843	117.907	206.248	-14.340	111.544	3.937
-18.856	118.058	206.290	-14.336	111.492	3.901
-18.839	118.005	206.261	-14.401	111.481	3.919
-18.849	118.046	206.246	-14.283	111.537	3.956
-18.862	118.062	206.320	-14.354	111.477	3.875
-18.882	118.095	206.347	-14.332	111.483	3.966
-18.806	118.085	206.225	-14.298	111.487	3.924
-18.829	118.091	206.240	-14.335	111.479	3.936
-18.806	118.150	206.274	-14.396	111.495	3.884
-18.815	118.180	206.238	-14.295	111.459	3.921
-18.787	118.235	206.243	-14.318	111.535	3.927
-18.806	118.228	206.383	-14.332	111.522	3.894
-18.814	118.269	206.304	-14.360	111.614	3.948
-18.809	118.289	206.269	-14.319	111.483	3.857
-18.722	118.376	206.286	-14.317	111.513	3.890
-18.753	118.359	206.320	-14.346	111.544	3.863
-18.769	118.366	206.282	-14.335	111.500	3.931
-18.766	118.359	206.257	-14.325	111.518	3.941
-18.705	118.436	206.328	-14.227	111.565	3.892
-18.674	118.534	206.327	-14.308	111.511	3.934
-18.734	118.439	206.246	-14.268	111.599	3.890
-18.680	118.545	206.325	-14.292	111.505	3.826
-18.705	118.537	206.342	-14.361	111.576	3.928
-18.676	118.580	206.382	-14.367	111.594	3.864
-18.662	118.591	206.353	-14.364	111.612	3.893
-18.604	118.603	206.334	-14.309	111.582	3.839
-18.638	118.666	206.359	-14.298	111.571	3.914
-18.638	118.662	206.348	-14.366	111.620	3.935
-18.637	118.741	206.352	-14.284	111.643	3.906
-18.562	118.726	206.316	-14.350	111.611	3.878
-18.529	118.755	206.320	-14.290	111.596	3.875
-18.602	118.804	206.326	-14.265	111.550	3.871
-18.568	118.791	206.384	-14.273	111.559	3.857
-18.586	118.799	206.361	-14.348	111.573	3.882
-18.575	118.860	206.351	-14.255	111.646	3.897
-18.602	118.872	206.356	-14.287	111.628	3.920
-18.576	118.965	206.467	-14.304	111.585	3.872
-18.495	118.897	206.392	-14.301	111.586	3.878
-18.527	118.941	206.362	-14.368	111.613	3.885
-18.484	118.979	206.355	-14.313	111.604	3.898
-18.544	118.977	206.453	-14.265	111.595	3.822
-18.508	118.936	206.386	-14.291	111.586	3.887
-18.453	119.057	206.420	-14.323	111.618	3.881
-18.481	118.899	206.396	-14.317	111.659	3.884
-18.433	119.067	206.401	-14.366	111.562	3.896
-18.467	118.998	206.348	-14.311	111.600	3.919
-18.449	119.006	206.369	-14.352	111.620	3.899
-18.447	119.069	206.392	-14.288	111.590	3.998
-18.428	119.006	206.412	-14.233	111.553	3.835
-18.512	118.983	206.376	-14.287	111.636	3.917
-18.468	119.008	206.376	-14.329	111.573	3.843
-18.456	119.053	206.385	-14.271	111.485	3.829
-18.463	119.011	206.392	-14.286	111.656	3.906
-18.502	119.014	206.399	-14.333	111.631	3.995
-18.433	118.959	206.282	-14.345	111.627	3.916
-18.507	118.957	206.307	-14.274	111.546	3.881
-18.472	118.950	206.353	-14.308	111.627	3.904
-18.501	118.942	206.383	-14.292	111.606	3.920
-18.437	119.020	206.337	-14.353	111.556	3.915
-18.459	119.096	206.437	-14.266	111.544	3.824
-18.483	119.071	206.469	-14.349	111.643	3.973
-18.491	119.026	206.349	-14.388	111.649	3.919
-18.504	118.966	206.394	-14.304	111.703	3.863
-18.520	118.944	206.333	-14.286	111.625	3.835
-18.527	118.954	206.355	-14.348	111.601	3.865
-18.500	118.949	206.344	-14.257	111.524	3.953
-18.500	118.959	206.390	-14.290	111.619	4.006
-18.471	118.973	206.368	-14.317	111.567	3.923
-18.497	118.991	206.482	-14.366	111.600	3.904
-18.480	118.915	206.398	-14.254	111.613	3.930
-18.527	118.907	206.353	-14.309	111.622	3.911
-18.520	118.827	206.369	-14.270	111.660	3.848
-18.525	118.848	206.383	-14.295	111.583	3.865
-18.509	118.885	206.340	-14.309	111.618	3.884
-18.498	118.832	206.370	-14.329	111.607	3.892
-18.494	118.898	206.357	-14.257	111.579	3.846
-18.486	118.864	206.334	-14.331	111.585	3.876
-18.516	118.880	206.353	-14.320	111.565	3.827
-18.566	118.850	206.393	-14.318	111.680	3.872
-18.508	118.831	206.329	-14.285	111.549	3.920
-18.547	118.890	206.375	-14.274	111.556	3.930
-18.503	118.851	206.346	-14.289	111.572	3.918
-18.574	118.817	206.354	-14.294	111.618	3.937
-18.604	118.891	206.416	-14.343	111.629	3.909
-18.562	118.904	206.381	-14.275	111.595	3.902
-18.625	118.857	206.352	-14.259	111.599	3.933
-18.573	118.895	206.335	-14.307	111.609	3.920
-18.590	118.960	206.351	-14.363	111.601	3.891
-18.601	118.881	206.377	-14.279	111.598	3.848
-18.615	118.969	206.376	-14.272	111.575	3.874
-18.652	118.973	206.374	-14.322	111.618	3.872
-18.600	118.953	206.410	-14.272	111.635	3.843
-18.643	119.010	206.403	-14.325	111.615	3.891
-18.622	118.938	206.412	-14.289	111.616	3.951
-18.655	119.025	206.382	-14.334	111.558	3.908
-18.655	118.974	206.392	-14.332	111.648	3.858
-18.644	118.981	206.392	-14.332	111.542	3.893
-18.685	119.049	206.420	-14.375	111.604	3.878
-18.656	119.062	206.414	-14.347	111.555	3.859
-18.657	119.099	206.418	-14.301	111.625	3.867
-18.666	119.088	206.466	-14.274	111.613	3.860
-18.709	119.042	206.407	-14.341	111.619	3.896
-18.709	119.080	206.438	-14.328	111.673	3.991
-18.735	119.160	206.433	-14.320	111.683	3.925
-18.772	119.108	206.411	-14.337	111.541	3.848
-18.716	119.231	206.417	-14.388	111.584	3.880
-18.762	119.125	206.399	-14.366	111.603	3.906
-18.758	119.262	206.468	-14.373	111.710	3.948
-18.783	119.173	206.416	-14.363	111.619	3.934
-18.816	119.203	206.433	-14.346	111.621	3.891
-18.726	119.230	206.396	-14.334	111.670	3.874
-18.855	119.258	206.471	-14.354	111.646	3.960
-18.811	119.321	206.367	-14.366	111.644	3.878
-18.796	119.290	206.426	-14.417	111.723	3.967
-18.867	119.290	206.410	-14.398	111.707	3.958
-18.807	119.281	206.418	-14.326	111.627	3.914
-18.810	119.192	206.309	-14.373	111.706	3.946
-18.748	119.290	206.398	-14.386	111.651	3.963
-18.791	119.252	206.387	-14.376	111.644	3.863
-18.803	119.267	206.414	-14.316	111.672	3.937
-18.794	119.236	206.394	-14.339	111.711	3.891
-18.828	119.192	206.404	-14.301	111.678	3.928
-18.828	119.231	206.412	-14.371	111.623	3.887
-18.834	119.211	206.359	-14.361	111.617	3.948
-18.801	119.190	206.373	-14.314	111.590	3.866
-18.796	119.182	206.435	-14.352	111.612	3.900
-18.889	119.143	206.457	-14.377	111.587	3.869
-18.832	119.162	206.400	-14.364	111.632	3.910
-18.874	119.122	206.349	-14.370	111.616	3.869
-18.914	119.108	206.369	-14.366	111.605	3.987
-18.941	119.161	206.411	-14.347	111.639	3.883
-18.931	119.082	206.451	-14.403	111.613	3.848
-19.006	119.201	206.410	-14.427	111.597	3.885
-19.001	119.166	206.416	-14.388	111.682	3.940
-18.983	119.182	206.362	-14.313	111.611	3.903
-19.053	119.175	206.484	-14.390	111.655	3.894
-19.114	119.129	206.390	-14.279	111.610	3.867
-19.063	119.189	206.415	-14.361	111.650	3.866
-19.060	119.156	206.462	-14.352	111.678	3.830
-19.082	119.193	206.449	-14.392	111.673	3.947
-19.144	119.090	206.450	-14.363	111.640	3.865
-19.155	119.115	206.389	-14.341	111.531	3.850
-19.104	119.177	206.424	-14.434	111.676	3.918
-19.138	119.161	206.392	-14.331	111.600	3.808
-19.206	119.151	206.473	-14.386	111.632	3.828
-19.179	119.094	206.429	-14.377	111.607	3.895
-19.194	119.179	206.498	-14.395	111.648	3.907
-19.212	119.115	206.343	-14.320	111.647	3.916
-19.268	119.122	206.369	-14.386	111.663	3.877
-19.264	119.077	206.409	-14.392	111.680	3.865
-19.273	119.124	206.387	-14.395	111.680	3.947
-19.222	119.093	206.389	-14.383	111.638	3.858
-19.327	119.062	206.404	-14.440	111.722	3.996
-19.315	119.097	206.397	-14.452	111.692	4.016
-19.343	119.121	206.426	-14.419	111.701	3.928
-19.347	119.087	206.423	-14.521	111.648	3.947
-19.321	119.134	206.365	-14.345	111.617	3.876
-19.354	119.070	206.397	-14.436	111.671	3.997
-19.399	119.094	206.345	-14.444	111.551	3.879
-19.411	119.106	206.407	-14.430	111.675	3.858
-19.428	119.140	206.324	-14.377	111.664	3.876
-19.428	119.141	206.378	-14.383	111.619	3.898
-19.473	119.109	206.402	-14.428	111.713	3.922
-19.450	119.093	206.406	-14.432	111.610	3.896
-19.436	119.107	206.388	-14.412	111.660	3.991
-19.475	119.118	206.429	-14.500	111.646	3.954
-19.471	119.092	206.400	-14.449	111.686	3.977
-19.474	119.111	206.425	-14.460	111.637	3.902
-19.465	119.155	206.432	-14.422	111.655	3.921
-19.504	119.077	206.416	-14.426	111.649	3.891
-19.494	119.176	206.465	-14.408	111.680	3.927
-19.494	119.137	206.448	-14.452	111.658	3.941
-19.515	119.099	206.395	-14.459	111.700	3.927
-19.575	119.176	206.429	-14.475	111.682	3.899
-19.521	119.124	206.425	-14.358	111.603	3.903
-19.548	119.098	206.355	-14.378	111.591	3.871
-19.548	119.078	206.382	-14.420	111.714	3.920
-19.583	119.150	206.338	-14.441	111.715	3.998
-19.573	119.184	206.410	-14.451	111.680	3.966
-19.626	119.183	206.400	-14.490	111.740	3.939
-19.549	119.172	206.349	-14.454	111.717	3.918
-19.565	119.233	206.443	-14.445	111.669	3.853
-19.662	119.160	206.403	-14.476	111.686	3.926
-19.606	119.276	206.391	-14.427	111.710	3.877
-19.638	119.253	206.394	-14.435	111.683	3.834
-19.637	119.355	206.439	-14.395	111.702	3.939
-19.615	119.335	206.433	-14.501	111.725	3.982
-19.677	119.335	206.390	-14.433	111.718	3.861
-19.645	119.400	206.416	-14.486	111.707	3.938
-19.641	119.350	206.398	-14.441	111.670	3.898
-19.647	119.389	206.362	-14.409	111.712	3.954
-19.652	119.448	206.391	-14.500	111.712	3.871
-19.656	119.457	206.402	-14.478	111.714	3.951
-19.672	119.449	206.458	-14.464	111.678	3.932
-19.598	119.469	206.415	-14.500	111.664	3.929
-19.681	119.434	206.436	-14.509	111.777	3.942
-19.650	119.492	206.431	-14.437	111.777	3.962
-19.619	119.555	206.429	-14.482	111.814	4.004
-19.706	119.477	206.426	-14.430	111.684	3.897
-19.713	119.477	206.469	-14.465	111.731	3.953
-19.618	119.544	206.384	-14.417	111.725	3.970
-19.780	119.519	206.412	-14.477	111.695	3.955
-19.656	119.532	206.465	-14.443	111.764	3.998
-19.694	119.540	206.434	-14.459	111.697	3.867
-19.683	119.545	206.424	-14.422	111.664	3.916
-19.750	119.532	206.461	-14.474	111.727	3.904
-19.698	119.530	206.371	-14.434	111.681	3.785
-19.752	119.483	206.437	-14.458	111.791	3.976
-19.722	119.526	206.437	-14.448	111.691	3.927
-19.805	119.512	206.396	-14.517	111.741	3.986
-19.840	119.533	206.438	-14.478	111.696	3.906
-19.755	119.595	206.428	-14.505	111.719	3.847
-19.773	119.464	206.352	-14.497	111.717	3.916
-19.804	119.423	206.417	-14.448	111.742	3.963
-19.812	119.440	206.374	-14.506	111.737	3.950
-19.749	119.482	206.383	-14.468	111.681	3.897
-19.813	119.381	206.403	-14.507	111.717	3.896
-19.772	119.336	206.433	-14.465	111.715	3.973
-19.757	119.535	206.364	-14.422	111.706	3.847
-19.826	119.434	206.435	-14.481	111.685	3.911
-19.816	119.374	206.427	-14.474	111.705	3.922
-19.813	119.381	206.454	-14.481	111.641	3.869
-19.859	119.268	206.447	-14.457	111.682	3.960
-19.765	119.272	206.366	-14.525	111.686	3.935
-19.764	119.281	206.392	-14.466	111.640	3.925
-19.781	119.192	206.357	-14.504	111.695	3.967
-19.838	119.240	206.372	-14.508	111.703	3.890
-19.853	119.174	206.427	-14.420	111.670	3.910
-19.778	119.211	206.448	-14.485	111.674	3.894
-19.776	119.159	206.371	-14.543	111.772	3.933
-19.780	119.176	206.339	-14.486	111.669	3.946
-19.808	119.115	206.386	-14.496	111.628	3.925
-19.810	119.197	206.424	-14.421	111.683	3.920
-19.748	119.254	206.411	-14.452	111.679	3.892
-19.754	119.241	206.341	-14.463	111.671	3.917
-19.770	119.182	206.393	-14.469	111.652	3.875
-19.755	119.166	206.412	-14.482	111.632	3.920
-19.798	119.042	206.350	-14.434	111.702	3.927
-19.797	119.146	206.321	-14.403	111.597	3.868
-19.748	119.055	206.365	-14.477	111.665	3.904
-19.752	119.125	206.482	-14.413	111.602	3.852
-19.756	119.072	206.372	-14.430	111.683	3.960
-19.730	119.102	206.458	-14.486	111.657	3.930
-19.735	119.049	206.406	-14.459	111.609	3.911
-19.787	119.124	206.415	-14.432	111.702	3.963
-19.709	119.096	206.363	-14.480	111.653	3.874
-19.700	119.192	206.386	-14.432	111.805	3.960
-19.736	118.994	206.343	-14.496	111.673	3.922
-19.719	119.022	206.436	-14.422	111.640	3.926
-19.682	119.086	206.347	-14.447	111.682	3.958
-19.735	119.102	206.413	-14.441	111.683	3.886
-19.676	119.128	206.349	-14.467	111.695	3.876
-19.718	119.098	206.401	-14.439	111.618	3.929
-19.655	119.066	206.332	-14.469	111.683	3.940
-19.682	119.058	206.469	-14.457	111.680	3.895
-19.646	119.136	206.348	-14.518	111.699	3.900
-19.703	119.110	206.383	-14.429	111.745	3.943
-19.677	119.080	206.417	-14.458	111.661	3.902
-19.730	119.083	206.383	-14.449	111.700	3.918
-19.720	119.098	206.385	-14.506	111.665	3.957
-19.721	119.202	206.356	-14.451	111.639	3.894
-19.730	119.223	206.420	-14.485	111.628	3.920
-19.780	119.123	206.377	-14.464	111.692	3.927
-19.759	119.176	206.425	-14.488	111.670	3.922
-19.676	119.254	206.452	-14.445	111.715	3.903
-19.782	119.198	206.408	-14.519	111.681	3.896
-19.772	119.200	206.373	-14.460	111.675	3.943
-19.772	119.195	206.379	-14.419	111.714	3.970
-19.712	119.180	206.368	-14.461	111.669	3.931
-19.751	119.245	206.458	-14.414	111.721	3.894
-19.752	119.233	206.336	-14.463	111.710	3.879
-19.798	119.208	206.439	-14.479	111.642	3.936
-19.787	119.220	206.412	-14.473	111.664	3.950
-19.801	119.239	206.402	-14.399	111.717	3.848
-19.802	119.161	206.383	-14.476	111.661	3.920
-19.824	119.260	206.438	-14.458	111.730	3.945
-19.840	119.202	206.399	-14.469	111.679	3.907
-19.810	119.230	206.382	-14.460	111.681	3.878
-19.872	119.205	206.442	-14.472	111.712	3.877
-19.848	119.177	206.431	-14.533	111.637	3.894
-19.845	119.158	206.376	-14.453	111.613	3.919
-19.824	119.194	206.340	-14.496	111.695	3.878
-19.827	119.300	206.394	-14.452	111.692	3.957
-19.856	119.206	206.447	-14.466	111.787	3.992
-19.906	119.239	206.395	-14.507	111.715	3.932
-19.868	119.289	206.457	-14.476	111.728	3.908
-19.904	119.265	206.421	-14.466	111.700	3.970
-19.891	119.300	206.432	-14.528	111.669	3.919
-19.957	119.315	206.474	-14.522	111.765	3.972
-19.945	119.263	206.388	-14.494	111.703	3.976
-19.926	119.330	206.410	-14.408	111.685	3.950
-19.921	119.225	206.412	-14.457	111.731	3.884
-19.878	119.376	206.327	-14.430	111.667	3.944
-19.975	119.211	206.378	-14.464	111.719	3.922
-19.866	119.355	206.442	-14.462	111.746	3.945
-19.871	119.313	206.408	-14.548	111.763	3.956
-19.992	119.280	206.403	-14.486	111.703	3.961
-19.922	119.367	206.414	-14.508	111.699	3.933
-20.007	119.309	206.408	-14.467	111.790	3.914
-19.971	119.313	206.452	-14.479	111.701	3.929
-19.963	119.424	206.426	-14.469	111.726	3.907
-19.923	119.382	206.416	-14.557	111.673	3.905
-20.028	119.306	206.397	-14.507	111.834	3.985
-20.008	119.311	206.381	-14.607	111.753	3.927
-19.965	119.345	206.451	-14.515	111.644	3.891
-19.948	119.514	206.428	-14.466	111.619	3.860
-20.063	119.404	206.460	-14.498	111.654	3.941
-19.940	119.486	206.382	-14.546	111.745	3.932
-19.972	119.452	206.430	-14.516	111.747	3.944
-20.076	119.398	206.423	-14.516	111.753	4.009
-19.978	119.385	206.297	-14.535	111.711	3.968
-20.084	119.362	206.390	-14.494	111.738	3.939
-20.010	119.449	206.426	-14.500	111.724	3.973
-19.992	119.437	206.442	-14.497	111.733	3.875
-20.027	119.522	206.397	-14.507	111.741	3.892
-20.029	119.443	206.370	-14.508	111.750	3.890
-20.120	119.431	206.415	-14.466	111.797	3.981
-20.048	119.476	206.418	-14.512	111.745	3.866
-20.041	119.516	206.478	-14.573	111.703	3.900
-20.010	119.579	206.382	-14.510	111.747	3.934
-20.088	119.488	206.391	-14.536	111.740	3.911
-20.095	119.533	206.422	-14.556	111.663	3.917
-20.131	119.546	206.414	-14.531	111.782	3.964
-20.208	119.417	206.386	-14.557	111.814	3.945
-20.192	119.432	206.387	-14.530	111.727	3.875
-20.119	119.566	206.416	-14.521	111.757	3.886
-20.077	119.555	206.396	-14.530	111.767	3.856
-20.145	119.504	206.376	-14.459	111.738	3.953
-20.218	119.562	206.347	-14.552	111.762	3.935
-20.137	119.548	206.358	-14.535	111.663	3.943
-20.183	119.650	206.328	-14.549	111.740	3.935
-20.139	119.633	206.412	-14.532	111.802	3.874
-20.184	119.587	206.432	-14.537	111.740	3.940
-20.250	119.579	206.366	-14.580	111.801	4.027
-20.248	119.711	206.363	-14.531	111.756	3.994
-20.234	119.617	206.337	-14.563	111.771	3.995
-20.300	119.719	206.360	-14.512	111.758	3.981
-20.320	119.634	206.451	-14.599	111.753	3.962
-20.352	119.750	206.382	-14.621	111.814	3.996
-20.274	119.842	206.293	-14.464	111.747	3.902
-20.369	119.795	206.264	-14.480	111.844	3.991
-20.413	119.770	206.259	-14.604	111.688	3.978
-20.435	119.852	206.294	-14.694	111.783	3.965
-20.541	119.765	206.315	-14.601	111.695	3.920
-20.444	119.717	206.314	-14.563	111.851	4.012
-20.519	119.716	206.358	-14.590	111.723	3.931
-20.567	119.782	206.280	-14.587	111.840	4.022
-20.591	119.939	206.259	-14.537	111.743	4.011
-20.584	119.836	206.292	-14.606	111.756	3.903
-20.642	119.842	206.253	-14.618	111.852	4.005
-20.714	119.849	206.165	-14.612	111.662	3.932
-20.782	119.893	206.201	-14.628	111.718	4.025
-20.743	119.913	206.207	-14.638	111.823	3.917
-20.814	119.924	206.287	-14.613	111.720	3.910
-20.772	120.173	206.365	-14.610	111.884	3.919
-20.801	119.933	206.207	-14.610	111.769	3.931
-20.883	120.007	206.172	-14.604	111.770	3.927
-20.885	119.942	206.204	-14.670	111.757	3.980
-20.968	119.973	206.161	-14.601	111.826	3.991
-20.932	120.199	206.215	-14.611	111.794	3.993
-21.039	120.047	206.192	-14.612	111.804	3.876
-21.067	119.991	206.199	-14.604	111.797	3.923
-21.029	120.095	206.255	-14.651	111.822	3.886
-21.095	120.020	206.125	-14.682	111.815	3.925
-21.097	120.124	206.179	-14.577	111.788	3.894
-21.098	120.063	206.244	-14.636	111.775	3.937
-21.110	120.103	206.122	-14.666	111.861	3.954
-21.105	120.167	206.145	-14.706	111.781	4.004
-21.155	120.167	206.051	-14.699	111.855	3.993
-21.156	120.154	206.163	-14.621	111.754	3.921
-21.205	120.074	206.114	-14.672	111.826	4.003
-21.235	120.202	206.114	-14.640	111.819	3.949
-21.234	120.289	206.142	-14.629	111.779	3.986
-21.283	120.277	206.208	-14.624	111.802	3.968
-21.250	120.534	206.100	-14.710	111.813	3.980
-21.325	120.279	206.076	-14.715	111.868	3.931
-21.352	120.355	206.076	-14.681	111.858	3.940
-21.431	120.327	206.104	-14.676	111.806	3.935
-21.437	120.427	206.055	-14.672	111.792	3.894
-21.450	120.527	206.037	-14.662	111.800	4.015
-21.448	120.466	206.144	-14.690	111.864	3.993
-21.470	120.516	206.033	-14.708	111.832	4.018
-21.593	120.836	206.056	-14.682	111.815	3.969
-21.484	120.654	205.977	-14.680	111.936	3.872
-21.527	120.787	206.194	-14.712	111.831	3.955
-21.667	120.562	205.847	-14.722	111.859	3.960
-21.659	120.841	205.995	-14.735	111.841	3.997
-21.806	120.893	205.993	-14.734	111.838	3.919
-21.764	120.966	206.105	-14.732	111.929	3.972
-21.878	120.895	205.983	-14.674	111.894	3.940
-21.890	120.910	205.958	-14.693	111.909	3.886
-21.909	121.026	205.902	-14.715	111.868	4.025
-21.933	121.096	205.995	-14.715	111.928	3.930
-22.041	121.010	205.874	-14.743	111.885	3.979
-22.029	121.190	205.991	-14.707	111.859	3.922
-22.089	121.214	206.048	-14.790	111.962	3.943
-22.119	121.203	206.047	-14.830	111.943	3.947
-22.197	121.118	205.648	-14.825	111.959	4.011
-22.271	121.116	205.723	-14.805	111.979	3.972
-22.255	121.295	205.787	-14.728	111.960	3.929
-22.363	121.332	205.893	-14.824	111.982	3.977
-22.351	121.362	205.959	-14.844	111.965	4.067
-22.384	121.459	205.924	-14.816	111.929	3.884
-22.509	121.266	205.770	-14.796	111.876	3.965
-22.583	121.229	205.723	-14.858	111.939	3.986
-22.538	121.310	205.696	-14.853	111.988	3.953
-22.507	121.442	205.953	-14.880	111.895	3.945
-22.641	121.495	205.941	-14.863	111.889	3.976
-22.746	121.337	205.779	-14.864	112.003	4.024
-22.791	121.273	205.597	-14.805	111.966	3.958
-22.911	121.155	205.724	-14.821	112.008	3.969
-22.938	121.183	205.736	-14.866	111.979	4.006
-22.845	121.224	205.754	-14.864	111.903	3.964
-22.947	121.136	205.695	-14.839	111.966	3.990
-23.007	121.196	205.663	-14.784	111.846	3.883
-23.029	121.050	205.723	-14.963	111.977	3.986
-23.099	121.059	205.695	-14.834	111.883	3.966
-23.085	121.011	205.634	-14.930	111.848	3.968
-23.120	120.952	205.621	-14.875	111.871	3.916
-23.133	120.870	205.666	-14.876	111.906	3.928
-23.231	120.824	205.731	-14.851	111.920	4.036
-23.194	120.825	205.639	-14.894	111.839	4.022
-23.220	120.724	205.812	-14.884	111.924	3.925
-23.307	120.780	205.824	-14.855	111.890	3.971
-23.295	120.756	205.726	-14.880	111.879	3.964
-23.298	120.816	205.926	-14.905	111.836	3.867
-23.399	120.777	205.690	-14.919	111.897	3.921
-23.359	120.739	205.630	-14.885	111.904	3.988
-23.323	120.754	205.643	-14.899	111.859	3.950
-23.475	120.748	205.691	-14.900	111.865	4.013
-23.459	120.670	205.674	-14.926	111.963	3.971
-23.495	120.775	205.639	-14.927	111.795	3.897
-23.494	120.683	205.599	-14.855	111.928	3.991
-23.486	120.801	205.845	-14.888	111.791	3.906
-23.573	120.770	205.657	-14.918	111.888	3.978
-23.618	120.708	205.665	-14.944	111.862	3.925
-23.631	120.815	205.586	-14.913	111.917	3.995
-23.626	120.862	205.630	-14.935	111.907	4.000
-23.727	120.854	205.622	-14.940	111.872	3.997
-23.694	120.950	205.673	-14.918	111.868	3.910
-23.723	120.936	205.760	-14.864	111.912	3.947
-23.792	121.118	205.673	-14.980	111.958	4.061
-23.765	121.056	205.591	-14.907	111.926	3.958
-23.841	121.149	205.603	-14.920	111.933	3.926
-23.872	121.274	205.472	-14.986	111.874	3.975
-23.888	121.393	205.554	-14.967	112.035	4.033
-23.918	121.340	205.525	-14.973	111.977	3.980
-23.951	121.536	205.501	-14.969	111.979	4.007
-23.983	121.566	205.556	-14.955	112.002	3.969
-24.065	121.673	205.376	-15.043	111.944	4.000
-24.091	121.793	205.440	-14.965	112.048	3.941
-24.159	121.867	205.456	-14.980	111.968	3.943
-24.168	121.778	205.301	-14.986	112.008	4.005
-24.152	121.887	205.294	-15.032	112.019	4.031
-24.220	122.059	205.203	-14.954	112.015	3.938
-24.291	122.120	205.278	-14.990	112.116	4.072
-24.266	122.130	205.361	-15.029	112.070	4.002
-24.316	122.288	205.301	-15.049	112.146	3.987
-24.405	122.361	205.118	-14.883	112.091	3.982
-24.447	122.282	205.111	-15.081	112.069	3.993
-24.487	122.498	205.206	-15.042	112.175	4.004
-24.557	122.470	205.156	-14.999	112.126	3.958
-24.650	122.502	205.151	-15.003	112.103	4.017
-24.676	122.539	205.056	-15.086	112.062	4.044
-24.715	122.603	205.198	-15.060	112.062	3.904
-24.828	122.661	205.069	-15.041	112.045	3.986
-24.848	122.696	205.026	-15.105	112.146	3.935
-24.935	122.727	205.034	-15.100	112.089	3.939
-25.024	122.740	204.993	-15.078	112.093	3.968
-24.991	122.733	204.982	-15.098	112.108	3.970
-25.016	122.797	204.951	-15.067	112.094	4.017
-25.144	122.797	204.852	-15.145	112.134	3.984
-25.151	122.746	205.022	-15.061	112.031	3.890
-25.189	122.754	204.996	-15.066	112.063	4.007
-25.208	122.768	204.909	-15.041	112.080	3.954
-25.266	122.751	204.887	-15.119	112.092	4.019
-25.303	122.743	204.999	-15.083	112.101	4.008
-25.336	122.693	205.055	-15.075	112.044	3.913
-25.386	122.591	204.957	-15.132	112.154	3.942
-25.451	122.582	204.958	-15.093	112.070	3.954
-25.441	122.513	205.039	-15.128	112.151	4.046
-25.572	122.557	204.914	-15.093	112.073	3.965
-25.645	122.438	204.842	-15.184	112.013	3.908
-25.604	122.404	204.950	-15.164	112.136	4.060
-25.682	122.337	204.934	-15.103	112.115	3.929
-25.647	122.359	205.035	-15.120	112.061	3.933
-25.703	122.239	205.094	-15.183	112.091	3.995
-25.731	122.191	205.062	-15.088	112.063	3.941
-25.770	122.093	205.071	-15.136	112.064	3.953
-25.768	122.011	205.089	-15.126	111.980	3.940
-25.846	121.933	205.024	-15.124	112.002	3.941
-25.857	121.786	205.022	-15.186	112.065	3.928
-25.881	121.849	205.123	-15.179	111.972	3.954
-25.890	121.640	205.066	-15.159	111.969	3.866
-25.915	121.579	204.999	-15.119	111.971	3.991
-25.897	121.349	205.011	-15.138	112.044	3.990
-25.909	121.466	205.136	-15.171	111.857	3.926
-25.983	121.428	205.067	-15.191	112.012	4.065
-25.878	121.157	205.035	-15.169	111.947	3.932
-25.975	121.275	205.132	-15.157	111.985	3.998
-25.990	121.189	205.094	-15.224	111.983	4.018
-25.984	121.051	205.025	-15.104	111.917	3.879
-25.993	121.100	205.247	-15.162	111.891	3.939
-25.989	120.983	205.061	-15.222	111.910	4.014
-26.122	120.999	205.143	-15.231	111.904	3.965
-26.108	120.775	204.964	-15.232	111.923	3.893
-26.150	121.036	205.130	-15.248	111.933	3.982
-26.109	121.060	205.144	-15.135	111.901	3.981
-26.261	121.013	205.119	-15.220	111.929	3.987
-26.227	120.858	205.014	-15.170	111.915	3.957
-26.213	120.810	205.025	-15.190	111.934	3.922
-26.333	121.021	205.093	-15.208	111.916	3.925
-26.277	120.974	204.999	-15.239	111.884	3.994
-26.315	121.046	205.186	-15.190	111.905	3.938
-26.380	120.978	205.034	-15.291	111.907	4.015
-26.364	121.022	204.999	-15.176	111.925	3.974
-26.441	121.009	205.100	-15.241	111.924	3.905
-26.451	120.986	204.994	-15.260	111.860	3.978
-26.487	121.098	204.982	-15.205	111.956	3.972
-26.609	121.164	205.049	-15.216	111.898	3.908
-26.507	121.108	205.104	-15.239	111.985	4.037
-26.626	121.188	204.892	-15.268	111.956	3.967
-26.604	121.160	204.897	-15.283	111.985	3.935
-26.690	121.331	204.988	-15.287	111.939	3.960
-26.638	121.202	205.083	-15.228	111.923	3.879
-26.797	121.221	204.921	-15.298	112.010	4.017
-26.786	121.192	204.968	-15.242	111.950	3.878
-26.807	121.192	204.857	-15.158	111.893	3.922
-26.875	121.262	204.886	-15.271	111.944	3.943
-26.831	121.335	204.966	-15.222	112.000	4.001
-26.855	121.246	204.957	-15.256	111.955	3.930
-26.877	121.267	204.914	-15.310	111.970	3.982
-26.957	121.263	204.843	-15.307	111.931	3.958
-27.000	121.198	204.853	-15.320	111.906	3.903
-26.934	121.201	204.899	-15.247	111.922	3.960
-26.937	121.319	204.894	-15.244	111.942	3.974
-27.009	121.269	204.860	-15.269	111.941	3.961
-26.997	121.207	204.813	-15.297	111.952	3.932
-27.030	121.224	204.782	-15.269	111.960	3.942
-27.028	121.238	204.871	-15.300	111.946	3.967
-27.016	121.179	204.982	-15.307	111.911	3.978
-27.045	121.170	204.937	-15.353	111.879	3.972
-27.058	121.086	204.871	-15.315	112.005	4.001
-27.067	121.141	204.844	-15.302	111.935	3.933
-27.059	121.135	204.893	-15.275	111.865	3.943
-27.063	121.091	204.871	-15.367	111.881	3.949
-27.165	121.069	204.760	-15.336	111.974	3.999
-27.137	121.111	204.919	-15.298	111.852	3.912
-27.168	121.086	204.893	-15.305	111.937	3.988
-27.143	121.105	204.796	-15.321	111.852	3.926
-27.121	121.086	204.851	-15.336	111.952	4.010
-27.211	121.087	204.884	-15.351	111.893	3.957
-27.200	121.018	204.849	-15.313	111.823	3.913
-27.239	121.057	204.847	-15.352	111.913	3.976
-27.258	121.154	204.865	-15.318	111.970	3.981
-27.196	121.125	204.808	-15.315	111.992	4.012
-27.257	121.090	204.848	-15.308	111.937	3.934
-27.305	121.138	204.875	-15.348	111.985	3.965
-27.312	121.126	204.854	-15.347	112.016	3.969
-27.301	121.108	204.841	-15.319	111.929	3.954
-27.319	121.146	204.848	-15.343	111.968	3.965
-27.351	121.065	204.827	-15.325	112.002	3.968
-27.320	121.083	204.970	-15.326	111.957	3.994
-27.371	121.205	204.883	-15.306	111.988	3.927
-27.442	121.095	204.756	-15.244	111.868	3.889
-27.392	121.197	204.733	-15.359	111.939	3.996
-27.377	121.183	204.859	-15.279	111.920	3.926
-27.479	121.244	204.771	-15.258	111.924	3.926
-27.452	121.331	204.820	-15.325	111.943	3.936
-27.531	121.356	204.929	-15.320	111.960	4.011
-27.553	121.331	204.832	-15.367	111.949	3.947
-27.501	121.341	204.770	-15.255	111.961	3.963
-27.576	121.400	204.784	-15.376	112.003	4.006
-27.532	121.406	204.931	-15.313	111.978	3.954
-27.599	121.355	204.655	-15.365	112.085	4.010
-27.676	121.396	204.750	-15.285	111.918	3.940
-27.638	121.494	204.888	-15.355	111.929	3.874
-27.706	121.489	204.754	-15.402	111.901	3.906
-27.599	121.442	204.789	-15.263	111.993	3.930
-27.642	121.488	204.813	-15.385	111.942	3.918
-27.717	121.453	204.764	-15.345	111.997	3.946
-27.701	121.425	204.773	-15.379	111.962	3.905
-27.741	121.463	204.792	-15.390	111.992	3.971
-27.758	121.381	204.677	-15.395	111.985	3.978
-27.814	121.440	204.838	-15.326	111.995	3.991
-27.763	121.455	204.800	-15.336	111.936	3.911
-27.803	121.435	204.875	-15.292	111.984	3.926
-27.750	121.442	204.861	-15.386	111.882	3.977
-27.813	121.450	204.726	-15.353	111.958	3.967
-27.849	121.519	204.758	-15.407	111.976	3.936
-27.826	121.424	204.770	-15.325	112.081	4.008
-27.862	121.529	204.861	-15.388	111.983	3.961
-27.877	121.434	204.752	-15.377	111.952	3.992
-27.867	121.435	204.765	-15.354	111.992	3.875
-27.890	121.439	204.816	-15.373	111.933	3.985
-27.851	121.535	204.768	-15.356	111.956	3.963
-27.849	121.546	204.797	-15.388	112.031	3.980
-27.894	121.538	204.819	-15.333	111.976	3.965
-27.837	121.575	204.736	-15.334	111.940	3.936
-27.866	121.560	204.864	-15.329	111.956	3.977
-27.919	121.620	204.838	-15.373	112.026	3.983
-27.854	121.495	204.762	-15.341	111.911	3.889
-27.932	121.575	204.788	-15.390	112.052	4.028
-27.860	121.635	204.830	-15.392	111.987	3.940
-27.899	121.577	204.772	-15.352	111.986	3.954
-27.936	121.691	204.792	-15.346	112.039	3.992
-27.908	121.555	204.842	-15.356	111.983	3.904
-27.955	121.712	204.815	-15.434	112.039	4.039
-27.927	121.592	204.741	-15.364	111.936	4.005
-27.934	121.688	204.782	-15.309	111.959	3.867
-27.899	121.679	204.762	-15.401	112.019	4.031
-27.934	121.716	204.759	-15.451	112.011	3.993
-27.942	121.644	204.745	-15.373	111.932	3.905
-27.995	121.729	204.736	-15.336	111.960	3.920
-27.967	121.680	204.785	-15.378	112.012	3.922
-28.057	121.726	204.865	-15.312	111.978	3.867
-28.020	121.692	204.778	-15.369	111.929	3.904
-28.057	121.887	204.765	-15.349	112.024	3.939
-28.053	121.664	204.803	-15.370	111.948	3.959
-28.084	121.778	204.845	-15.406	111.972	3.959
-28.078	121.714	204.776	-15.360	111.920	3.900
-28.114	121.677	204.756	-15.387	111.941	3.974
-28.122	121.641	204.701	-15.376	112.030	3.915
-28.103	121.690	204.851	-15.351	111.990	3.924
-28.108	121.666	204.798	-15.385	112.053	3.950
-28.133	121.711	204.907	-15.415	111.896	3.935
-28.215	121.665	204.865	-15.407	112.005	3.964
-28.131	121.618	204.671	-15.398	112.030	3.971
-28.148	121.594	204.795	-15.429	112.011	3.956
-28.210	121.574	204.838	-15.413	111.948	3.892
-28.238	121.672	204.805	-15.411	112.013	4.073
-28.259	121.634	204.817	-15.374	111.938	3.879
-28.280	121.579	204.870	-15.426	111.986	3.966
-28.350	121.575	204.711	-15.356	111.978	4.002
-28.331	121.504	204.720	-15.413	111.993	3.971
-28.417	121.582	204.812	-15.419	111.930	3.963
-28.342	121.507	204.743	-15.462	111.924	3.958
-28.388	121.468	204.715	-15.410	111.979	3.964
-28.461	121.472	204.870	-15.407	111.896	3.932
-28.467	121.375	204.824	-15.369	111.853	3.939
-28.550	121.406	204.879	-15.417	111.973	3.989
-28.508	121.328	204.890	-15.400	111.934	3.976
-28.550	121.392	204.854	-15.343	111.877	3.899
-28.537	121.315	205.055	-15.397	111.961	3.924
-28.590	121.248	204.910	-15.456	111.915	3.933
-28.661	121.279	204.943	-15.439	111.869	3.914
-28.670	121.180	204.855	-15.450	111.889	3.933
-28.702	121.127	204.887	-15.426	111.904	3.909
-28.801	121.090	204.941	-15.421	111.904	3.901
-28.737	121.113	204.922	-15.458	111.895	3.904
-28.841	121.026	205.116	-15.490	111.868	3.962
-28.819	121.046	204.902	-15.432	111.919	3.964
-28.869	120.947	204.870	-15.514	111.924	3.926
-28.917	120.901	204.970	-15.440	111.899	3.925
-28.927	120.846	204.907	-15.486	111.895	3.946
-28.921	120.787	205.058	-15.479	111.895	3.892
-29.030	120.692	204.923	-15.486	111.890	3.983
-28.951	120.663	205.037	-15.454	111.841	3.922
-29.022	120.579	205.057	-15.478	111.825	3.900
-28.997	120.505	204.905	-15.492	111.854	3.914
-29.019	120.386	204.936	-15.490	111.829	3.951
-29.084	120.286	205.096	-15.483	111.795	3.902
-29.161	120.303	204.986	-15.534	111.806	3.878
-29.090	120.168	205.026	-15.482	111.779	3.938
-29.137	120.225	204.994	-15.506	111.764	3.952
-29.138	120.101	204.965	-15.531	111.751	3.932
-29.153	120.068	205.037	-15.484	111.809	3.923
-29.186	119.991	205.029	-15.491	111.872	3.917
-29.268	119.938	205.066	-15.507	111.788	3.928
-29.224	119.926	204.999	-15.515	111.785	3.916
-29.278	119.784	205.072	-15.500	111.806	4.000
-29.299	119.779	205.077	-15.520	111.760	3.916
-29.299	119.825	205.137	-15.498	111.722	3.877
-29.398	119.751	205.096	-15.505	111.780	3.962
-29.389	119.671	205.019	-15.488	111.791	3.923
-29.443	119.617	205.115	-15.483	111.721	3.860
-29.450	119.619	205.021	-15.560	111.735	3.861
-29.491	119.634	205.035	-15.516	111.759	3.906
-29.492	119.582	205.005	-15.502	111.819	3.944
-29.487	119.555	205.028	-15.538	111.738	3.973
-29.576	119.498	205.089	-15.488	111.772	3.962
-29.616	119.504	205.099	-15.539	111.752	3.906
-29.534	119.434	205.063	-15.509	111.679	3.890
-29.646	119.428	205.118	-15.503	111.727	3.888
-29.642	119.463	205.217	-15.515	111.759	3.871
-29.616	119.445	205.108	-15.558	111.726	3.953
-29.643	119.472	205.112	-15.564	111.757	3.908
-29.664	119.435	205.024	-15.570	111.775	3.953
-29.666	119.481	205.155	-15.512	111.714	3.908
-29.642	119.445	205.110	-15.548	111.758	3.909
-29.648	119.373	204.990	-15.519	111.743	3.924
-29.716	119.450	205.080	-15.533	111.730	3.982
-29.700	119.486	205.091	-15.522	111.783	3.901
-29.759	119.578	205.131	-15.516	111.745	3.945
-29.731	119.503	205.126	-15.523	111.734	3.894
-29.709	119.481	205.129	-15.563	111.714	3.970
-29.665	119.524	205.132	-15.509	111.735	3.931
-29.753	119.465	205.148	-15.543	111.816	3.972
-29.713	119.541	205.203	-15.528	111.739	3.866
-29.760	119.598	205.080	-15.574	111.728	3.934
-29.680	119.617	205.023	-15.516	111.758	4.001
-29.717	119.665	205.195	-15.497	111.731	3.930
-29.713	119.734	205.147	-15.558	111.728	3.875
-29.652	119.828	205.142	-15.522	111.725	3.910
-29.660	119.794	205.081	-15.504	111.718	3.889
-29.778	119.913	205.089	-15.551	111.787	3.946
-29.628	119.926	205.047	-15.525	111.742	3.950
-29.687	120.044	205.043	-15.498	111.707	3.875
-29.714	120.138	205.154	-15.502	111.780	3.978
-29.637	120.219	205.005	-15.561	111.788	3.874
-29.676	120.265	205.068	-15.556	111.864	3.959
-29.736	120.292	204.983	-15.512	111.760	3.849
-29.714	120.555	204.999	-15.550	111.835	3.860
-29.616	120.536	205.048	-15.567	111.882	3.967
-29.682	120.633	204.919	-15.528	111.838	3.943
